MSMEG_0005;Rv0005;;;;;Rv0005;1.000
MSMEG_0006;Rv0006;;;;;Rv0006;1.000
MSMEG_0007;Rv0007;;;;;Rv0007;1.000
MSMEG_0023;Rv0008c;;;;;Rv0008c;1.000
;Rv0029;;;;;Rv0029;1.000
MSMEG_6923;Rv0036c;;;;;Rv0036c;1.000
MSMEG_6917;Rv0041;;;;;Rv0041;1.000
MSMEG_6913;Rv0042c;;;;;Rv0042c;1.000
MSMEG_6907;Rv0044c;;;MSMEG_6907;1;Rv0044c;1.000
MSMEG_6904;Rv0046c;MSMEG_6904;2;MSMEG_6904;1;Rv0046c;2.000
MSMEG_6897;Rv0053;MSMEG_6897;2;MSMEG_6897;1;Rv0053;1.000
MSMEG_6896;Rv0054;;;MSMEG_6896;1;Rv0054;1.000
MSMEG_6895;Rv0055;;;;;Rv0055;1.000
;Rv0059;;;;;Rv0059;1.000
MSMEG_1654;Rv0066c;MSMEG_1654;1;MSMEG_1654;1;Rv0066c;1.000
MSMEG_0876;Rv0068;;;;;Rv0068;1.000
;Rv0070c;;;;;Rv0070c;1.000
;Rv0073;;;;;Rv0073;2.000
MSMEG_6763;Rv0077c;;;;;Rv0077c;1.000
MSMEG_3935;Rv0079;;;;;Rv0079;1.000
;Rv0087;;;;;Rv0087;1.000
;Rv0107c;;;;;Rv0107c;1.000
MSMEG_6515;Rv0126;;;;;Rv0126;1.000
MSMEG_6514;Rv0127;;;;;Rv0127;1.000
;Rv0131c;;;;;Rv0131c;1.000
;Rv0134;;;;;Rv0134;1.000
MSMEG_0092;Rv0144;;;;;Rv0144;1.000
;Rv0146;;;;;Rv0146;1.000
;Rv0147;;;;;Rv0147;1.000
;Rv0148;;;;;Rv0148;2.000
;Rv0154c;;;;;Rv0154c;1.000
MSMEG_0120;Rv0158;;;;;Rv0158;1.000
MSMEG_5045;Rv0161;;;;;Rv0161;1.000
;Rv0178;;;;;Rv0178;1.000
MSMEG_0220;Rv0183;;;MSMEG_0220;1;Rv0183;1.000
MSMEG_0223;Rv0185;;;;;Rv0185;1.000
MSMEG_0224;Rv0187;;;MSMEG_0224;1;Rv0187;1.000
MSMEG_0229;Rv0189c;MSMEG_0229;1;;;Rv0189c;1.000
MSMEG_0255;Rv0211;MSMEG_0255;2;;;Rv0211;1.000
MSMEG_0261;Rv0216;;;;;Rv0216;1.000
MSMEG_0290;Rv0221;;;;;Rv0221;1.000
MSMEG_0320;Rv0230c;;;;;Rv0230c;1.000
;Rv0231;;;;;Rv0231;1.000
MSMEG_0372;Rv0242c;MSMEG_0372;-1;MSMEG_0372;1;Rv0242c;2.000
MSMEG_0373;Rv0243;MSMEG_0373;1;MSMEG_0373;1;Rv0243;1.000
MSMEG_0406;Rv0244c;MSMEG_0406;0;;;Rv0244c;1.000
MSMEG_0417;Rv0247c;;;;;Rv0247c;1.000
MSMEG_0418;Rv0248c;;;;;Rv0248c;1.000
MSMEG_0434;Rv0262c;;;;;Rv0262c;1.000
MSMEG_0599;Rv0270;;;;;Rv0270;1.000
MSMEG_0603;Rv0271c;;;;;Rv0271c;1.000
MSMEG_0615;Rv0282;;;;;Rv0282;1.000
;Rv0296c;;;;;Rv0296c;1.000
MSMEG_0632;Rv0307c;;;;;Rv0307c;1.000
MSMEG_0645;Rv0315;;;;;Rv0315;1.000
MSMEG_0384;Rv0334;;;;;Rv0334;1.000
MSMEG_0688;Rv0337c;;;;;Rv0337c;1.000
MSMEG_0691;Rv0339c;;;;;Rv0339c;1.000
;Rv0347;;;;;Rv0347;1.000
MSMEG_0709;Rv0350;MSMEG_0709;-1;MSMEG_0709;1;Rv0350;1.000
MSMEG_0710;Rv0351;;;;;Rv0351;1.000
MSMEG_0759;Rv0357c;MSMEG_0759;2;;;Rv0357c;2.000
;Rv0379;;;;;Rv0379;1.000
MSMEG_0736;Rv0383c;;;;;Rv0383c;1.000
MSMEG_0732;Rv0384c;;;MSMEG_0732;1;Rv0384c;1.000
;Rv0400c;;;;;Rv0400c;1.000
MSMEG_0775;Rv0406c;;;;;Rv0406c;1.000
MSMEG_0784;Rv0409;;;;;Rv0409;1.000
MSMEG_0786;Rv0410c;;;;;Rv0410c;1.000
MSMEG_0793;Rv0417;MSMEG_0793;1;MSMEG_0793;1;Rv0417;1.000
MSMEG_0826;Rv0423c;;;;;Rv0423c;1.000
;Rv0425c;;;;;Rv0425c;1.000
MSMEG_0834;Rv0431;;;;;Rv0431;1.000
MSMEG_0861;Rv0437c;;;;;Rv0437c;1.000
MSMEG_0877;Rv0439c;;;MSMEG_0877;1;Rv0439c;1.000
MSMEG_0880;Rv0440;MSMEG_0880;2;MSMEG_0880;2;Rv0440;2.000
;Rv0458;;;;;Rv0458;1.000
MSMEG_0903;Rv0462;MSMEG_0903;1;MSMEG_0903;1;Rv0462;1.000
MSMEG_0905;Rv0464c;;;;;Rv0464c;1.000
MSMEG_0909;Rv0466;MSMEG_0909;1;MSMEG_0909;1;Rv0466;1.000
MSMEG_0911;Rv0467;MSMEG_0911;1;;;Rv0467;2.000
MSMEG_0913;Rv0469;;;;;Rv0469;1.000
;Rv0470c;;;;;Rv0470c;1.000
MSMEG_0916;Rv0472c;;;;;Rv0472c;1.000
;Rv0493c;;;;;Rv0493c;1.000
MSMEG_0938;Rv0495c;;;;;Rv0495c;1.000
MSMEG_0943;Rv0500;;;MSMEG_0943;1;Rv0500;1.000
MSMEG_1205;Rv0503c;;;;;Rv0503c;1.000
MSMEG_0952;Rv0509;;;;;Rv0509;1.000
;Rv0511;;;;;Rv0511;1.000
MSMEG_0956;Rv0512;;;;;Rv0512;1.000
MSMEG_0959;Rv0513;;;;;Rv0513;1.000
MSMEG_0970;Rv0525;;;;;Rv0525;2.000
MSMEG_0975;Rv0530;;;;;Rv0530;1.000
MSMEG_0990;Rv0535;;;;;Rv0535;1.000
MSMEG_1103;Rv0553;;;;;Rv0553;1.000
MSMEG_1109;Rv0555;;;;;Rv0555;1.000
MSMEG_1165;Rv0566c;;;MSMEG_1165;1;Rv0566c;1.000
;Rv0570;;;;;Rv0570;1.000
;Rv0576;;;;;Rv0576;1.000
;Rv0577;;;;;Rv0577;1.000
MSMEG_1334;Rv0634c;MSMEG_1334;-1;MSMEG_1334;1;Rv0634c;1.000
MSMEG_1340;Rv0635;;;;;Rv0635;1.000
MSMEG_1342;Rv0637;;;;;Rv0637;1.000
MSMEG_1346;Rv0640;MSMEG_1346;2;;;Rv0640;2.000
MSMEG_1347;Rv0641;MSMEG_1347;1;MSMEG_1347;1;Rv0641;1.000
;Rv0642c;;;;;Rv0642c;1.000
;Rv0643c;;;;;Rv0643c;1.000
;Rv0644c;;;;;Rv0644c;1.000
MSMEG_1364;Rv0651;;;MSMEG_1364;1;Rv0651;1.000
MSMEG_1365;Rv0652;MSMEG_1365;-1;;;Rv0652;1.000
;Rv0654;;;;;Rv0654;1.000
MSMEG_1366;Rv0655;;;;;Rv0655;1.000
MSMEG_1368;Rv0668;MSMEG_1368;-1;MSMEG_1368;1;Rv0668;1.000
;Rv0669c;;;;;Rv0669c;1.000
MSMEG_1383;Rv0670;;;MSMEG_1383;1;Rv0670;1.000
MSMEG_1387;Rv0672;MSMEG_1387;-1;MSMEG_1387;1;Rv0672;1.000
MSMEG_1397;Rv0681;MSMEG_1397;-1;;;Rv0681;1.000
;Rv0684;;;;;Rv0684;2.000
MSMEG_1401;Rv0685;MSMEG_1401;1;MSMEG_1401;2;Rv0685;1.000
MSMEG_1410;Rv0687;;;;;Rv0687;1.000
;Rv0690c;;;;;Rv0690c;1.000
MSMEG_1424;Rv0694;;;;;Rv0694;1.000
MSMEG_1435;Rv0700;;;MSMEG_1435;1;Rv0700;1.000
MSMEG_1437;Rv0702;MSMEG_1437;1;MSMEG_1437;1;Rv0702;1.000
MSMEG_1442;Rv0707;MSMEG_1442;-1;MSMEG_1442;1;Rv0707;1.000
MSMEG_1443;Rv0708;MSMEG_1443;-1;MSMEG_1443;1;Rv0708;1.000
MSMEG_1445;Rv0710;MSMEG_1445;2;MSMEG_1445;1;Rv0710;1.000
MSMEG_1471;Rv0720;MSMEG_1471;-1;MSMEG_1471;1;Rv0720;1.000
MSMEG_1483;Rv0732;;;;;Rv0732;1.000
MSMEG_1484;Rv0733;MSMEG_1484;1;MSMEG_1484;2;Rv0733;2.000
;Rv0749;;;;;Rv0749;1.000
MSMEG_1498;Rv0753c;;;;;Rv0753c;1.000
MSMEG_5872;Rv0757;;;;;Rv0757;1.000
MSMEG_5866;Rv0761c;;;;;Rv0761c;1.000
MSMEG_5852;Rv0772;;;;;Rv0772;1.000
MSMEG_5847;Rv0777;;;;;Rv0777;1.000
MSMEG_5834;Rv0786c;;;;;Rv0786c;1.000
MSMEG_5824;Rv0803;MSMEG_5824;1;MSMEG_5824;1;Rv0803;1.000
MSMEG_5790;Rv0814c;MSMEG_5790;2;MSMEG_5790;2;Rv0814c;2.000
MSMEG_5789;Rv0815c;MSMEG_5789;2;MSMEG_5789;2;Rv0815c;1.000
MSMEG_5776;Rv0821c;;;MSMEG_5776;1;Rv0821c;1.000
MSMEG_5774;Rv0823c;;;;;Rv0823c;1.000
MSMEG_5773;Rv0824c;;;MSMEG_5773;1;Rv0824c;1.000
MSMEG_5768;Rv0825c;;;;;Rv0825c;1.000
;Rv0831c;;;;;Rv0831c;1.000
MSMEG_5735;Rv0853c;;;;;Rv0853c;1.000
MSMEG_5736;Rv0854;;;;;Rv0854;1.000
MSMEG_5721;Rv0859;;;;;Rv0859;2.000
MSMEG_5720;Rv0860;MSMEG_5720;0;;;Rv0860;1.000
;Rv0873;;;;;Rv0873;1.000
MSMEG_5684;Rv0884c;;;;;Rv0884c;1.000
MSMEG_5672;Rv0896;MSMEG_5672;1;MSMEG_5672;1;Rv0896;2.000
MSMEG_5638;Rv0906;;;;;Rv0906;1.000
MSMEG_5609;Rv0913c;;;;;Rv0913c;1.000
MSMEG_5608;Rv0914c;;;;;Rv0914c;1.000
MSMEG_5591;Rv0923c;;;;;Rv0923c;1.000
;Rv0934;;;;;Rv0934;1.000
;Rv0940c;;;;;Rv0940c;1.000
MSMEG_5541;Rv0946c;;;;;Rv0946c;1.000
MSMEG_5525;Rv0951;;;MSMEG_5525;1;Rv0951;1.000
MSMEG_5520;Rv0953c;;;;;Rv0953c;1.000
MSMEG_5515;Rv0957;MSMEG_5515;1;;;Rv0957;1.000
MSMEG_5505;Rv0966c;;;;;Rv0966c;1.000
MSMEG_5494;Rv0972c;;;;;Rv0972c;1.000
MSMEG_5471;Rv0993;;;;;Rv0993;1.000
MSMEG_5441;Rv1007c;;;;;Rv1007c;1.000
MSMEG_5435;Rv1013;MSMEG_5435;2;;;Rv1013;2.000
MSMEG_5427;Rv1017c;MSMEG_5427;1;MSMEG_5427;1;Rv1017c;2.000
MSMEG_5426;Rv1018c;;;;;Rv1018c;2.000
MSMEG_6499;Rv1056;;;;;Rv1056;1.000
MSMEG_5291;Rv1058;;;;;Rv1058;1.000
;Rv1061;;;;;Rv1061;1.000
MSMEG_5277;Rv1070c;;;;;Rv1070c;1.000
MSMEG_5276;Rv1071c;;;;;Rv1071c;1.000
MSMEG_5273;Rv1074c;MSMEG_5273;1;MSMEG_5273;1;Rv1074c;1.000
MSMEG_5270;Rv1077;;;MSMEG_5270;1;Rv1077;2.000
MSMEG_5261;Rv1082;;;MSMEG_5261;1;Rv1082;1.000
MSMEG_5252;Rv1092c;;;;;Rv1092c;1.000
MSMEG_5248;Rv1094;;;;;Rv1094;2.000
MSMEG_5247;Rv1095;MSMEG_5247;1;;;Rv1095;1.000
MSMEG_5240;Rv1098c;MSMEG_5240;1;MSMEG_5240;1;Rv1098c;1.000
MSMEG_5224;Rv1110;;;;;Rv1110;1.000
MSMEG_1998;Rv1124;;;;;Rv1124;1.000
MSMEG_6645;Rv1130;;;;;Rv1130;1.000
MSMEG_6638;Rv1133c;;;;;Rv1133c;1.000
;Rv1148c;;;;;Rv1148c;1.000
MSMEG_5140;Rv1161;;;;;Rv1161;1.000
MSMEG_5129;Rv1170;;;;;Rv1170;1.000
MSMEG_5126;Rv1173;;;;;Rv1173;1.000
MSMEG_5124;Rv1175c;;;;;Rv1175c;1.000
;Rv1180;;;;;Rv1180;1.000
;Rv1181;;;;;Rv1181;1.000
MSMEG_4731;Rv1185c;;;;;Rv1185c;2.000
MSMEG_3508;Rv1191;;;;;Rv1191;1.000
;Rv1194c;;;;;Rv1194c;1.000
MSMEG_5104;Rv1201c;;;MSMEG_5104;2;Rv1201c;1.000
MSMEG_5078;Rv1213;;;;;Rv1213;1.000
;Rv1240;;;;;Rv1240;1.000
MSMEG_2026;Rv1245c;;;MSMEG_2026;1;Rv1245c;1.000
MSMEG_5049;Rv1248c;MSMEG_5049;-1;;;Rv1248c;1.000
MSMEG_5010;Rv1265;MSMEG_5010;-1;;;Rv1265;1.000
;Rv1267c;;;;;Rv1267c;1.000
;Rv1270c;;;;;Rv1270c;1.000
MSMEG_4985;Rv1284;;;;;Rv1284;1.000
MSMEG_4979;Rv1285;;;;;Rv1285;1.000
MSMEG_4978;Rv1286;;;;;Rv1286;1.000
MSMEG_4959;Rv1292;;;;;Rv1292;1.000
MSMEG_4958;Rv1293;MSMEG_4958;-1;;;Rv1293;1.000
MSMEG_4957;Rv1294;MSMEG_4957;1;;;Rv1294;1.000
MSMEG_4956;Rv1295;MSMEG_4956;2;MSMEG_4956;2;Rv1295;2.000
MSMEG_4940;Rv1306;;;;;Rv1306;1.000
MSMEG_4938;Rv1308;MSMEG_4938;1;MSMEG_4938;1;Rv1308;2.000
MSMEG_4937;Rv1309;;;;;Rv1309;1.000
MSMEG_4936;Rv1310;MSMEG_4936;1;MSMEG_4936;1;Rv1310;1.000
MSMEG_4935;Rv1311;;;MSMEG_4935;1;Rv1311;1.000
MSMEG_4934;Rv1314c;;;;;Rv1314c;1.000
MSMEG_4932;Rv1315;MSMEG_4932;1;;;Rv1315;2.000
MSMEG_4928;Rv1316c;;;;;Rv1316c;1.000
MSMEG_4920;Rv1323;MSMEG_4920;2;MSMEG_4920;2;Rv1323;1.000
MSMEG_4915;Rv1328;;;;;Rv1328;1.000
MSMEG_3050;Rv1388;MSMEG_3050;1;MSMEG_3050;1;Rv1388;1.000
MSMEG_3054;Rv1391;MSMEG_3054;1;;;Rv1391;1.000
MSMEG_3055;Rv1392;MSMEG_3055;2;MSMEG_3055;2;Rv1392;2.000
MSMEG_3059;Rv1400c;;;;;Rv1400c;1.000
MSMEG_3065;Rv1407;;;;;Rv1407;1.000
MSMEG_3070;Rv1411c;;;;;Rv1411c;1.000
MSMEG_3072;Rv1415;MSMEG_3072;1;MSMEG_3072;1;Rv1415;1.000
MSMEG_3073;Rv1416;;;;;Rv1416;1.000
MSMEG_3080;Rv1422;;;;;Rv1422;1.000
MSMEG_3081;Rv1423;;;MSMEG_3081;2;Rv1423;1.000
MSMEG_3084;Rv1436;MSMEG_3084;2;MSMEG_3084;2;Rv1436;1.000
MSMEG_3085;Rv1437;MSMEG_3085;1;MSMEG_3085;1;Rv1437;1.000
MSMEG_3086;Rv1438;;;MSMEG_3086;1;Rv1438;1.000
MSMEG_2738;Rv1442;;;;;Rv1442;1.000
;Rv1443c;;;;;Rv1443c;1.000
MSMEG_3098;Rv1444c;;;;;Rv1444c;1.000
MSMEG_3102;Rv1448c;MSMEG_3102;2;MSMEG_3102;2;Rv1448c;1.000
MSMEG_3103;Rv1449c;MSMEG_3103;1;;;Rv1449c;1.000
MSMEG_3122;Rv1461;;;;;Rv1461;1.000
MSMEG_3124;Rv1463;;;MSMEG_3124;1;Rv1463;1.000
MSMEG_3125;Rv1464;;;;;Rv1464;1.000
MSMEG_3140;Rv1473;;;;;Rv1473;1.000
MSMEG_3143;Rv1475c;MSMEG_3143;2;MSMEG_3143;1;Rv1475c;1.000
MSMEG_3147;Rv1479;;;;;Rv1479;1.000
MSMEG_3148;Rv1480;;;;;Rv1480;1.000
MSMEG_3151;Rv1484;;;MSMEG_3151;1;Rv1484;1.000
;Rv1505c;;;;;Rv1505c;1.000
;Rv1512;;;;;Rv1512;1.000
;Rv1516c;;;;;Rv1516c;1.000
;Rv1531;;;;;Rv1531;1.000
MSMEG_0992;Rv1533;;;;;Rv1533;1.000
MSMEG_3175;Rv1540;MSMEG_3175;-1;;;Rv1540;1.000
MSMEG_3178;Rv1547;;;;;Rv1547;1.000
;Rv1558;;;;;Rv1558;1.000
MSMEG_3186;Rv1564c;;;;;Rv1564c;1.000
MSMEG_3191;Rv1571;;;;;Rv1571;1.000
MSMEG_3199;Rv1594;;;;;Rv1594;1.000
MSMEG_3200;Rv1595;MSMEG_3200;-1;;;Rv1595;1.000
MSMEG_3201;Rv1596;;;;;Rv1596;1.000
MSMEG_3205;Rv1599;MSMEG_3205;1;MSMEG_3205;2;Rv1599;1.000
MSMEG_3208;Rv1602;;;;;Rv1602;1.000
MSMEG_3220;Rv1612;MSMEG_3220;1;MSMEG_3220;1;Rv1612;1.000
MSMEG_3227;Rv1617;MSMEG_3227;1;MSMEG_3227;1;Rv1617;1.000
MSMEG_3246;Rv1626;;;;;Rv1626;1.000
MSMEG_3844;Rv1627c;;;;;Rv1627c;1.000
MSMEG_3833;Rv1630;MSMEG_3833;-1;MSMEG_3833;1;Rv1630;1.000
MSMEG_3817;Rv1632c;;;;;Rv1632c;1.000
MSMEG_3811;Rv1636;MSMEG_3811;1;MSMEG_3811;1;Rv1636;1.000
MSMEG_3808;Rv1638;MSMEG_3808;0;;;Rv1638;1.000
MSMEG_3776;Rv1652;MSMEG_3776;1;;;Rv1652;1.000
MSMEG_3773;Rv1655;MSMEG_3773;2;;;Rv1655;2.000
MSMEG_3770;Rv1658;MSMEG_3770;1;MSMEG_3770;1;Rv1658;1.000
MSMEG_0808;Rv1660;;;;;Rv1660;1.000
;Rv1665;;;;;Rv1665;1.000
MSMEG_2582;Rv1676;;;;;Rv1676;1.000
MSMEG_3767;Rv1683;;;;;Rv1683;1.000
MSMEG_3746;Rv1699;MSMEG_3746;1;;;Rv1699;1.000
;Rv1703c;;;;;Rv1703c;1.000
MSMEG_5912;Rv1731;;;;;Rv1731;1.000
;Rv1738;;;;;Rv1738;1.000
MSMEG_4962;Rv1751;;;;;Rv1751;1.000
;Rv1762c;;;;;Rv1762c;1.000
MSMEG_3404;Rv1765c;;;;;Rv1765c;1.000
;Rv1769;;;;;Rv1769;1.000
;Rv1770;;;;;Rv1770;1.000
;Rv1771;;;;;Rv1771;1.000
MSMEG_3683;Rv1780;;;;;Rv1780;1.000
;Rv1794;;;;;Rv1794;1.000
MSMEG_3654;Rv1821;;;;;Rv1821;1.000
MSMEG_3642;Rv1832;MSMEG_3642;1;;;Rv1832;1.000
MSMEG_3641;Rv1836c;;;;;Rv1836c;1.000
MSMEG_3640;Rv1837c;MSMEG_3640;1;MSMEG_3640;1;Rv1837c;1.000
MSMEG_3634;Rv1843c;MSMEG_3634;1;;;Rv1843c;1.000
MSMEG_3623;Rv1852;;;;;Rv1852;1.000
MSMEG_3620;Rv1855c;;;MSMEG_3620;1;Rv1855c;1.000
MSMEG_3619;Rv1856c;MSMEG_3619;2;MSMEG_3619;1;Rv1856c;1.000
MSMEG_3483;Rv1864c;;;;;Rv1864c;1.000
MSMEG_0771;Rv1865c;;;;;Rv1865c;1.000
MSMEG_1903;Rv1866;;;;;Rv1866;1.000
;Rv1872c;;;;;Rv1872c;1.000
MSMEG_4477;Rv1900c;;;;;Rv1900c;1.000
MSMEG_6384;Rv1908c;;;MSMEG_6384;1;Rv1908c;1.000
MSMEG_3465;Rv1925;;;;;Rv1925;1.000
;Rv1936;;;;;Rv1936;1.000
MSMEG_2663;Rv1945;;;;;Rv1945;1.000
MSMEG_6231;Rv1978;;;;;Rv1978;1.000
MSMEG_3945;Rv1996;MSMEG_3945;1;MSMEG_3945;1;Rv1996;2.000
;Rv2001;;;;;Rv2001;1.000
;Rv2002;;;;;Rv2002;1.000
MSMEG_3942;Rv2004c;;;;;Rv2004c;1.000
;Rv2005c;;;;;Rv2005c;1.000
MSMEG_3954;Rv2006;;;;;Rv2006;1.000
;Rv2028c;;;;;Rv2028c;1.000
MSMEG_3947;Rv2029c;;;;;Rv2029c;2.000
;Rv2030c;;;;;Rv2030c;1.000
MSMEG_3932;Rv2031c;;;MSMEG_3932;1;Rv2031c;2.000
MSMEG_2943;Rv2032;;;;;Rv2032;1.000
;Rv2035;;;;;Rv2035;1.000
;Rv2041c;;;;;Rv2041c;1.000
;Rv2048c;;;;;Rv2048c;1.000
MSMEG_3863;Rv2061c;;;;;Rv2061c;1.000
MSMEG_3873;Rv2066;;;;;Rv2066;1.000
;Rv2067c;;;;;Rv2067c;1.000
MSMEG_3880;Rv2074;;;MSMEG_3880;1;Rv2074;2.000
;Rv2088;;;;;Rv2088;1.000
MSMEG_3884;Rv2091c;;;;;Rv2091c;1.000
MSMEG_3885;Rv2092c;;;;;Rv2092c;1.000
MSMEG_3887;Rv2094c;;;;;Rv2094c;1.000
MSMEG_3890;Rv2097c;;;;;Rv2097c;1.000
;Rv2101;;;;;Rv2101;1.000
;Rv2102;;;;;Rv2102;1.000
MSMEG_3896;Rv2111c;;;;;Rv2111c;1.000
MSMEG_3897;Rv2112c;MSMEG_3897;1;;;Rv2112c;1.000
MSMEG_3902;Rv2115c;MSMEG_3902;2;MSMEG_3902;1;Rv2115c;2.000
MSMEG_3906;Rv2118c;MSMEG_3906;-1;MSMEG_3906;1;Rv2118c;1.000
MSMEG_4188;Rv2129c;;;;;Rv2129c;1.000
MSMEG_4189;Rv2130c;;;;;Rv2130c;1.000
MSMEG_4193;Rv2135c;;;;;Rv2135c;1.000
MSMEG_4199;Rv2140c;;;;;Rv2140c;1.000
MSMEG_4200;Rv2141c;MSMEG_4200;1;;;Rv2141c;1.000
MSMEG_4217;Rv2145c;;;;;Rv2145c;1.000
MSMEG_4222;Rv2150c;;;MSMEG_4222;1;Rv2150c;1.000
;Rv2159c;;;;;Rv2159c;1.000
MSMEG_4244;Rv2178c;MSMEG_4244;1;;;Rv2178c;1.000
MSMEG_4251;Rv2185c;;;;;Rv2185c;1.000
MSMEG_4254;Rv2187;;;;;Rv2187;1.000
MSMEG_4261;Rv2194;;;;;Rv2194;1.000
MSMEG_4268;Rv2200c;;;;;Rv2200c;1.000
MSMEG_4269;Rv2201;;;;;Rv2201;1.000
MSMEG_4270;Rv2202c;MSMEG_4270;1;MSMEG_4270;1;Rv2202c;1.000
MSMEG_4272;Rv2204c;;;MSMEG_4272;1;Rv2204c;1.000
MSMEG_4280;Rv2214c;;;;;Rv2214c;1.000
MSMEG_4283;Rv2215;MSMEG_4283;1;MSMEG_4283;1;Rv2215;1.000
MSMEG_4290;Rv2220;MSMEG_4290;2;MSMEG_4290;1;Rv2220;1.000
MSMEG_4294;Rv2222c;MSMEG_4294;2;;;Rv2222c;2.000
MSMEG_4298;Rv2225;;;;;Rv2225;1.000
MSMEG_4305;Rv2228c;;;;;Rv2228c;1.000
MSMEG_4323;Rv2241;MSMEG_4323;2;MSMEG_4323;1;Rv2241;2.000
MSMEG_4325;Rv2243;MSMEG_4325;2;MSMEG_4325;1;Rv2243;2.000
MSMEG_4326;Rv2244;MSMEG_4326;2;MSMEG_4326;2;Rv2244;1.000
MSMEG_4327;Rv2245;MSMEG_4327;1;MSMEG_4327;2;Rv2245;1.000
MSMEG_4328;Rv2246;MSMEG_4328;1;MSMEG_4328;2;Rv2246;1.000
MSMEG_4329;Rv2247;;;;;Rv2247;1.000
MSMEG_4334;Rv2251;;;;;Rv2251;1.000
MSMEG_4335;Rv2252;;;;;Rv2252;1.000
MSMEG_4337;Rv2257c;;;;;Rv2257c;1.000
MSMEG_4342;Rv2260;;;;;Rv2260;1.000
;Rv2280;;;;;Rv2280;2.000
;Rv2289;;;;;Rv2289;1.000
;Rv2296;;;;;Rv2296;1.000
;Rv2298;;;;;Rv2298;1.000
;Rv2299c;;;;;Rv2299c;1.000
;Rv2300c;;;;;Rv2300c;1.000
;Rv2334;;;;;Rv2334;1.000
MSMEG_4482;Rv2343c;;;;;Rv2343c;1.000
MSMEG_4485;Rv2357c;;;;;Rv2357c;1.000
MSMEG_4486;Rv2358;MSMEG_4486;-1;;;Rv2358;1.000
MSMEG_4487;Rv2359;MSMEG_4487;-1;MSMEG_4487;1;Rv2359;1.000
MSMEG_4511;Rv2380c;;;;;Rv2380c;1.000
MSMEG_4527;Rv2391;MSMEG_4527;1;MSMEG_4527;2;Rv2391;1.000
MSMEG_4567;Rv2409c;;;;;Rv2409c;1.000
MSMEG_3513;Rv2416c;;;;;Rv2416c;1.000
MSMEG_4579;Rv2419c;;;;;Rv2419c;2.000
MSMEG_4621;Rv2439c;;;;;Rv2439c;1.000
MSMEG_4630;Rv2448c;;;;;Rv2448c;1.000
MSMEG_4632;Rv2449c;;;;;Rv2449c;2.000
MSMEG_4645;Rv2454c;;;MSMEG_4645;1;Rv2454c;1.000
MSMEG_4672;Rv2460c;;;;;Rv2460c;1.000
MSMEG_4673;Rv2461c;;;MSMEG_4673;1;Rv2461c;1.000
MSMEG_4683;Rv2464c;;;;;Rv2464c;1.000
MSMEG_4688;Rv2466c;;;;;Rv2466c;1.000
MSMEG_4690;Rv2467;;;;;Rv2467;1.000
MSMEG_4699;Rv2476c;;;;;Rv2476c;1.000
MSMEG_4700;Rv2477c;;;;;Rv2477c;2.000
MSMEG_4710;Rv2495c;;;;;Rv2495c;1.000
MSMEG_4716;Rv2501c;;;;;Rv2501c;2.000
MSMEG_1898;Rv2504c;;;;;Rv2504c;1.000
MSMEG_4722;Rv2509;;;;;Rv2509;1.000
MSMEG_4752;Rv2520c;;;MSMEG_4752;1;Rv2520c;1.000
MSMEG_4753;Rv2521;;;;;Rv2521;2.000
MSMEG_4757;Rv2524c;;;;;Rv2524c;1.000
;Rv2527;;;;;Rv2527;1.000
;Rv2531c;;;;;Rv2531c;1.000
MSMEG_3034;Rv2535c;;;;;Rv2535c;1.000
;Rv2537c;;;;;Rv2537c;1.000
MSMEG_3025;Rv2555c;;;;;Rv2555c;1.000
MSMEG_3019;Rv2568c;;;;;Rv2568c;1.000
MSMEG_3018;Rv2569c;;;;;Rv2569c;1.000
MSMEG_2976;Rv2580c;;;;;Rv2580c;1.000
MSMEG_2975;Rv2581c;;;;;Rv2581c;1.000
MSMEG_2963;Rv2585c;;;;;Rv2585c;1.000
MSMEG_2938;Rv2605c;;;;;Rv2605c;1.000
MSMEG_2937;Rv2606c;MSMEG_2937;1;MSMEG_2937;2;Rv2606c;2.000
MSMEG_2931;Rv2614c;;;;;Rv2614c;1.000
MSMEG_5310;Rv2622;;;;;Rv2622;1.000
;Rv2623;;;;;Rv2623;1.000
MSMEG_3939;Rv2624c;;;;;Rv2624c;2.000
;Rv2625c;;;;;Rv2625c;1.000
;Rv2626c;;;;;Rv2626c;1.000
;Rv2627c;;;;;Rv2627c;1.000
;Rv2629;;;;;Rv2629;1.000
MSMEG_2782;Rv2676c;MSMEG_2782;2;MSMEG_2782;1;Rv2676c;2.000
;Rv2679;;;;;Rv2679;1.000
MSMEG_2776;Rv2682c;;;;;Rv2682c;1.000
MSMEG_2750;Rv2711;MSMEG_2750;1;MSMEG_2750;1;Rv2711;1.000
;Rv2715;;;;;Rv2715;1.000
;Rv2724c;;;;;Rv2724c;1.000
MSMEG_2735;Rv2726c;;;;;Rv2726c;1.000
MSMEG_2723;Rv2737c;MSMEG_2723;-1;;;Rv2737c;2.000
MSMEG_2698;Rv2740;;;;;Rv2740;1.000
MSMEG_2685;Rv2752c;;;;;Rv2752c;2.000
MSMEG_2684;Rv2753c;;;MSMEG_2684;1;Rv2753c;1.000
MSMEG_2683;Rv2754c;MSMEG_2683;-1;;;Rv2754c;1.000
MSMEG_2659;Rv2780;;;MSMEG_2659;1;Rv2780;1.000
MSMEG_2656;Rv2783c;MSMEG_2656;1;;;Rv2783c;1.000
MSMEG_2654;Rv2785c;MSMEG_2654;-1;MSMEG_2654;1;Rv2785c;1.000
MSMEG_2653;Rv2786c;;;;;Rv2786c;1.000
MSMEG_2621;Rv2845c;MSMEG_2621;2;;;Rv2845c;2.000
MSMEG_2617;Rv2848c;;;;;Rv2848c;1.000
MSMEG_2611;Rv2855;;;MSMEG_2611;1;Rv2855;1.000
MSMEG_2596;Rv2859c;;;;;Rv2859c;2.000
MSMEG_2587;Rv2861c;;;;;Rv2861c;1.000
MSMEG_2580;Rv2868c;;;;;Rv2868c;1.000
MSMEG_2541;Rv2882c;;;MSMEG_2541;1;Rv2882c;1.000
MSMEG_2521;Rv2888c;;;;;Rv2888c;1.000
MSMEG_2520;Rv2889c;MSMEG_2520;2;MSMEG_2520;2;Rv2889c;1.000
MSMEG_2515;Rv2894c;;;;;Rv2894c;1.000
MSMEG_2435;Rv2909c;;;MSMEG_2435;1;Rv2909c;1.000
MSMEG_2426;Rv2919c;;;;;Rv2919c;1.000
;Rv2928;;;;;Rv2928;1.000
;Rv2931;;;;;Rv2931;1.000
;Rv2933;;;;;Rv2933;1.000
;Rv2936;;;;;Rv2936;1.000
;Rv2941;;;;;Rv2941;1.000
MSMEG_0393;Rv2952;;;;;Rv2952;1.000
;Rv2953;;;;;Rv2953;1.000
;Rv2954c;;;;;Rv2954c;1.000
MSMEG_2200;Rv2964;;;;;Rv2964;1.000
MSMEG_2412;Rv2967c;MSMEG_2412;0;;;Rv2967c;1.000
MSMEG_2410;Rv2969c;;;;;Rv2969c;1.000
MSMEG_2407;Rv2971;;;MSMEG_2407;1;Rv2971;1.000
MSMEG_2391;Rv2984;;;;;Rv2984;1.000
MSMEG_2388;Rv2987c;MSMEG_2388;1;MSMEG_2388;2;Rv2987c;2.000
MSMEG_2387;Rv2988c;;;MSMEG_2387;2;Rv2988c;1.000
MSMEG_2383;Rv2992c;;;;;Rv2992c;1.000
MSMEG_2378;Rv2996c;;;MSMEG_2378;1;Rv2996c;1.000
MSMEG_2374;Rv3001c;MSMEG_2374;1;MSMEG_2374;1;Rv3001c;1.000
MSMEG_2373;Rv3002c;MSMEG_2373;2;MSMEG_2373;1;Rv3002c;2.000
MSMEG_2372;Rv3003c;MSMEG_2372;0;;;Rv3003c;1.000
;Rv3010c;;;;;Rv3010c;1.000
MSMEG_2359;Rv3015c;;;;;Rv3015c;1.000
MSMEG_2352;Rv3028c;MSMEG_2352;1;MSMEG_2352;2;Rv3028c;1.000
MSMEG_2351;Rv3029c;MSMEG_2351;1;MSMEG_2351;1;Rv3029c;1.000
MSMEG_2349;Rv3031;;;;;Rv3031;1.000
;Rv3032;;;;;Rv3032;1.000
MSMEG_2321;Rv3042c;;;;;Rv3042c;1.000
MSMEG_2317;Rv3045;MSMEG_2317;2;;;Rv3045;2.000
MSMEG_2299;Rv3051c;MSMEG_2299;2;;;Rv3051c;1.000
;Rv3071;;;;;Rv3071;1.000
MSMEG_2667;Rv3075c;;;;;Rv3075c;1.000
;Rv3084;;;;;Rv3084;1.000
MSMEG_3388;Rv3086;;;;;Rv3086;1.000
;Rv3088;;;;;Rv3088;1.000
;Rv3089;;;;;Rv3089;1.000
MSMEG_0198;Rv3094c;;;;;Rv3094c;1.000
;Rv3099c;;;;;Rv3099c;1.000
MSMEG_2089;Rv3102c;MSMEG_2089;-1;;;Rv3102c;1.000
MSMEG_2086;Rv3105c;;;MSMEG_2086;1;Rv3105c;1.000
;Rv3107c;;;;;Rv3107c;1.000
;Rv3119;;;;;Rv3119;1.000
;Rv3127;;;;;Rv3127;1.000
;Rv3130c;;;;;Rv3130c;1.000
MSMEG_5246;Rv3131;MSMEG_5246;1;MSMEG_5246;1;Rv3131;1.000
MSMEG_5241;Rv3132c;;;;;Rv3132c;1.000
MSMEG_5245;Rv3134c;;;MSMEG_5245;1;Rv3134c;1.000
MSMEG_2081;Rv3139;;;;;Rv3139;1.000
MSMEG_2033;Rv3141;;;;;Rv3141;1.000
MSMEG_2061;Rv3147;;;;;Rv3147;1.000
MSMEG_2059;Rv3149;;;;;Rv3149;2.000
MSMEG_2058;Rv3150;;;;;Rv3150;1.000
;Rv3164c;;;;;Rv3164c;1.000
;Rv3169;;;;;Rv3169;1.000
MSMEG_1940;Rv3203;;;;;Rv3203;1.000
MSMEG_1938;Rv3205c;;;;;Rv3205c;1.000
MSMEG_1935;Rv3208;;;;;Rv3208;1.000
;Rv3214;;;;;Rv3214;1.000
MSMEG_1920;Rv3218;;;;;Rv3218;1.000
MSMEG_1894;Rv3224;;;;;Rv3224;1.000
MSMEG_1885;Rv3230c;;;;;Rv3230c;1.000
MSMEG_1874;Rv3246c;MSMEG_1874;1;;;Rv3246c;2.000
MSMEG_1295;Rv3248c;;;;;Rv3248c;2.000
;Rv3264c;;;;;Rv3264c;1.000
MSMEG_1826;Rv3265c;;;;;Rv3265c;1.000
;Rv3269;;;;;Rv3269;1.000
MSMEG_6058;Rv3270;;;;;Rv3270;1.000
;Rv3272;;;;;Rv3272;1.000
MSMEG_1821;Rv3274c;;;;;Rv3274c;1.000
MSMEG_1819;Rv3276c;;;;;Rv3276c;1.000
MSMEG_1813;Rv3280;MSMEG_1813;1;;;Rv3280;1.000
MSMEG_1809;Rv3283;;;MSMEG_1809;1;Rv3283;1.000
MSMEG_1807;Rv3285;MSMEG_1807;-1;MSMEG_1807;1;Rv3285;1.000
;Rv3295;;;;;Rv3295;1.000
;Rv3299c;;;;;Rv3299c;1.000
MSMEG_1703;Rv3305c;;;;;Rv3305c;1.000
MSMEG_1676;Rv3313c;;;;;Rv3313c;1.000
MSMEG_1670;Rv3318;MSMEG_1670;1;MSMEG_1670;1;Rv3318;1.000
;Rv3377c;;;;;Rv3377c;1.000
MSMEG_1610;Rv3396c;;;;;Rv3396c;1.000
MSMEG_1608;Rv3401;;;;;Rv3401;1.000
;Rv3404c;;;;;Rv3404c;1.000
MSMEG_1602;Rv3411c;;;;;Rv3411c;1.000
MSMEG_1583;Rv3417c;MSMEG_1583;1;MSMEG_1583;1;Rv3417c;1.000
MSMEG_1582;Rv3418c;MSMEG_1582;1;;;Rv3418c;2.000
MSMEG_1568;Rv3436c;;;;;Rv3436c;1.000
MSMEG_1559;Rv3441c;;;;;Rv3441c;1.000
MSMEG_1556;Rv3443c;MSMEG_1556;-1;;;Rv3443c;1.000
MSMEG_1524;Rv3457c;MSMEG_1524;-1;MSMEG_1524;1;Rv3457c;1.000
MSMEG_1512;Rv3464;;;;;Rv3464;1.000
;Rv3480c;;;;;Rv3480c;1.000
MSMEG_5903;Rv3502c;;;;;Rv3502c;1.000
MSMEG_4348;Rv3509c;;;;;Rv3509c;1.000
MSMEG_5919;Rv3519;;;;;Rv3519;1.000
MSMEG_5920;Rv3520c;;;;;Rv3520c;1.000
;Rv3528c;;;;;Rv3528c;1.000
MSMEG_5937;Rv3534c;MSMEG_5937;1;;;Rv3534c;1.000
MSMEG_5995;Rv3545c;;;;;Rv3545c;1.000
MSMEG_5998;Rv3547;;;;;Rv3547;1.000
MSMEG_6036;Rv3568c;;;;;Rv3568c;1.000
MSMEG_6038;Rv3570c;;;;;Rv3570c;1.000
MSMEG_6071;Rv3577;;;;;Rv3577;1.000
MSMEG_6074;Rv3580c;;;;;Rv3580c;1.000
MSMEG_6077;Rv3583c;;;;;Rv3583c;1.000
MSMEG_6082;Rv3588c;MSMEG_6082;2;MSMEG_6082;1;Rv3588c;1.000
MSMEG_6097;Rv3602c;;;;;Rv3602c;1.000
MSMEG_6110;Rv3624c;;;;;Rv3624c;1.000
;Rv3633;;;;;Rv3633;1.000
MSMEG_6142;Rv3634c;MSMEG_6142;1;MSMEG_6142;1;Rv3634c;1.000
MSMEG_6184;Rv3670;;;;;Rv3670;1.000
MSMEG_6189;Rv3676;;;MSMEG_6189;1;Rv3676;1.000
MSMEG_6193;Rv3679;;;;;Rv3679;1.000
MSMEG_6202;Rv3683;;;;;Rv3683;1.000
MSMEG_6203;Rv3684;;;;;Rv3684;1.000
MSMEG_6219;Rv3692;;;;;Rv3692;1.000
MSMEG_6759;Rv3696c;MSMEG_6759;1;MSMEG_6759;1;Rv3696c;1.000
MSMEG_6257;Rv3709c;;;;;Rv3709c;1.000
MSMEG_6271;Rv3710;MSMEG_6271;1;;;Rv3710;1.000
MSMEG_6280;Rv3716c;;;;;Rv3716c;1.000
MSMEG_6284;Rv3720;MSMEG_6284;2;MSMEG_6284;2;Rv3720;2.000
MSMEG_6286;Rv3722c;MSMEG_6286;2;MSMEG_6286;2;Rv3722c;1.000
;Rv3732;;;;;Rv3732;1.000
MSMEG_6322;Rv3734c;;;;;Rv3734c;1.000
MSMEG_6330;Rv3754;;;;;Rv3754;1.000
MSMEG_6337;Rv3761c;;;;;Rv3761c;1.000
MSMEG_6316;Rv3763;;;;;Rv3763;1.000
MSMEG_6353;Rv3774;;;;;Rv3774;1.000
MSMEG_6575;Rv3775;;;;;Rv3775;1.000
MSMEG_6363;Rv3778c;;;;;Rv3778c;1.000
MSMEG_6366;Rv3781;;;;;Rv3781;1.000
MSMEG_6392;Rv3800c;;;;;Rv3800c;1.000
MSMEG_6393;Rv3801c;MSMEG_6393;1;MSMEG_6393;1;Rv3801c;1.000
MSMEG_6403;Rv3808c;;;;;Rv3808c;1.000
MSMEG_6404;Rv3809c;;;;;Rv3809c;1.000
;Rv3814c;;;;;Rv3814c;1.000
MSMEG_6409;Rv3816c;;;;;Rv3816c;1.000
MSMEG_6410;Rv3818;MSMEG_6410;2;;;Rv3818;1.000
MSMEG_4728;Rv3820c;;;;;Rv3820c;1.000
MSMEG_4727;Rv3825c;;;;;Rv3825c;1.000
;Rv3833;;;;;Rv3833;1.000
MSMEG_6422;Rv3841;MSMEG_6422;2;MSMEG_6422;1;Rv3841;1.000
MSMEG_6427;Rv3846;MSMEG_6427;2;MSMEG_6427;2;Rv3846;2.000
MSMEG_6431;Rv3849;;;;;Rv3849;1.000
MSMEG_6440;Rv3854c;;;;;Rv3854c;1.000
MSMEG_6459;Rv3859c;MSMEG_6459;0;;;Rv3859c;1.000
;Rv3865;;;;;Rv3865;1.000
MSMEG_0059;Rv3868;;;;;Rv3868;1.000
;Rv3871;;;;;Rv3871;1.000
MSMEG_0081;Rv3880c;;;;;Rv3880c;1.000
MSMEG_0076;Rv3881c;;;;;Rv3881c;1.000
;Rv3899c;;;;;Rv3899c;1.000
MSMEG_6926;Rv3907c;;;;;Rv3907c;1.000
MSMEG_6945;Rv3923c;;;;;Rv3923c;1.000
MSMEG_0024;Rv0009;;;MSMEG_0024;2;;
MSMEG_0216;;;;MSMEG_0216;1;;
MSMEG_0234;Rv0198c;;;MSMEG_0234;1;;
MSMEG_0643;;MSMEG_0643;-1;MSMEG_0643;2;;
MSMEG_0702;;;;MSMEG_0702;1;;
MSMEG_0741;;;;MSMEG_0741;1;;
MSMEG_0768;Rv0390;;;MSMEG_0768;1;;
MSMEG_0777;Rv0407;MSMEG_0777;1;MSMEG_0777;1;;
MSMEG_0935;Rv0489;MSMEG_0935;1;MSMEG_0935;1;;
MSMEG_0969;Rv0524;;;MSMEG_0969;1;;
MSMEG_1028;;;;MSMEG_1028;1;;
MSMEG_1046;;;;MSMEG_1046;1;;
MSMEG_1047;;;;MSMEG_1047;1;;
MSMEG_1305;;;;MSMEG_1305;1;;
MSMEG_1399;;;;MSMEG_1399;1;;
MSMEG_1436;;MSMEG_1436;-1;MSMEG_1436;1;;
MSMEG_1439;Rv0704;MSMEG_1439;1;MSMEG_1439;1;;
MSMEG_1440;;MSMEG_1440;-1;MSMEG_1440;1;;
MSMEG_1466;Rv0715;;;MSMEG_1466;1;;
MSMEG_1467;;;;MSMEG_1467;1;;
MSMEG_1470;;;;MSMEG_1470;1;;
MSMEG_1472;;MSMEG_1472;-1;MSMEG_1472;1;;
MSMEG_1474;;MSMEG_1474;-1;MSMEG_1474;1;;
MSMEG_1513;;;;MSMEG_1513;1;;
MSMEG_1521;;;;MSMEG_1521;1;;
MSMEG_1522;Rv3459c;MSMEG_1522;-1;MSMEG_1522;2;;
MSMEG_1557;;;;MSMEG_1557;1;;
MSMEG_1603;Rv3410c;MSMEG_1603;2;MSMEG_1603;1;;
MSMEG_1634;;;;MSMEG_1634;1;;
MSMEG_1647;;;;MSMEG_1647;1;;
MSMEG_1652;Rv3340;MSMEG_1652;1;MSMEG_1652;1;;
MSMEG_1662;Rv3329;MSMEG_1662;1;MSMEG_1662;1;;
MSMEG_1665;;MSMEG_1665;1;MSMEG_1665;1;;
MSMEG_1684;;;;MSMEG_1684;1;;
MSMEG_1803;;;;MSMEG_1803;1;;
MSMEG_1878; Rv3241c;MSMEG_1878;1;MSMEG_1878;1;;
MSMEG_2072;;;;MSMEG_2072;1;;
MSMEG_2080;;;;MSMEG_2080;1;;
MSMEG_2123;;;;MSMEG_2123;1;;
MSMEG_2367;;;;MSMEG_2367;1;;
MSMEG_2379;Rv2995c;;;MSMEG_2379;2;;
MSMEG_2382;;;;MSMEG_2382;1;;
MSMEG_2408;;MSMEG_2408;2;MSMEG_2408;1;;
MSMEG_2443;Rv2901c;;;MSMEG_2443;1;;
MSMEG_2511;;;;MSMEG_2511;1;;
MSMEG_2519;;;;MSMEG_2519;1;;
MSMEG_2613;Rv2852c;;;MSMEG_2613;1;;
MSMEG_2669;;;;MSMEG_2669;1;;
MSMEG_2731;Rv2731;;;MSMEG_2731;1;;
MSMEG_2744;;;;MSMEG_2744;1;;
MSMEG_3106;;;;MSMEG_3106;1;;
MSMEG_3207;;;;MSMEG_3207;1;;
MSMEG_3255;;;;MSMEG_3255;1;;
MSMEG_3308;;;;MSMEG_3308;1;;
MSMEG_3461;;MSMEG_3461;1;MSMEG_3461;2;;
MSMEG_3478;;;;MSMEG_3478;1;;
MSMEG_3507;;;;MSMEG_3507;1;;
MSMEG_3881;Rv2089c;MSMEG_3881;1;MSMEG_3881;1;;
MSMEG_3894;;;;MSMEG_3894;1;;
MSMEG_3895;;;;MSMEG_3895;1;;
MSMEG_3950;Rv2026c;MSMEG_3950;2;MSMEG_3950;2;;
MSMEG_4121;;;;MSMEG_4121;1;;
MSMEG_4276;Rv2210c;MSMEG_4276;2;MSMEG_4276;1;;
MSMEG_4278;;;;MSMEG_4278;1;;
MSMEG_4281;;;;MSMEG_4281;1;;
MSMEG_4306;Rv2229c;;;MSMEG_4306;1;;
MSMEG_4313;;;;MSMEG_4313;1;;
MSMEG_4362;;MSMEG_4362;-1;MSMEG_4362;1;;
MSMEG_4401;;;;MSMEG_4401;1;;
MSMEG_4474;;MSMEG_4474;-1;MSMEG_4474;1;;
MSMEG_4476;;;;MSMEG_4476;1;;
MSMEG_4504;Rv2373c;;;MSMEG_4504;1;;
MSMEG_4530;;;;MSMEG_4530;2;;
MSMEG_4533;;;;MSMEG_4533;1;;
MSMEG_4674;Rv2462c;;;MSMEG_4674;1;;
MSMEG_4742;;;;MSMEG_4742;1;;
MSMEG_4755;;;;MSMEG_4755;1;;
MSMEG_4891;Rv2428;MSMEG_4891;2;MSMEG_4891;2;;
MSMEG_4921;;;;MSMEG_4921;1;;
MSMEG_4939;;;;MSMEG_4939;1;;
MSMEG_4954;Rv1297;MSMEG_4954;-1;MSMEG_4954;2;;
MSMEG_5015;;;;MSMEG_5015;1;;
MSMEG_5087;Rv1205;;;MSMEG_5087;1;;
MSMEG_5136;;;;MSMEG_5136;1;;
MSMEG_5222;;;;MSMEG_5222;1;;
MSMEG_5239;;;;MSMEG_5239;1;;
MSMEG_5243;;;;MSMEG_5243;1;;
MSMEG_5249;;MSMEG_5249;2;MSMEG_5249;2;;
MSMEG_5258;;MSMEG_5258;1;MSMEG_5258;2;;
MSMEG_5335;;;;MSMEG_5335;2;;
MSMEG_5336;;;;MSMEG_5336;1;;
MSMEG_5415;Rv1023;MSMEG_5415;1;MSMEG_5415;1;;
MSMEG_5431;;;;MSMEG_5431;2;;
MSMEG_5442;;;;MSMEG_5442;1;;
MSMEG_5512;Rv0958;MSMEG_5512;1;MSMEG_5512;1;;
MSMEG_5524; Rv0952;MSMEG_5524;1;MSMEG_5524;1;;
MSMEG_5538;;MSMEG_5538;1;MSMEG_5538;1;;
MSMEG_5612;;;;MSMEG_5612;1;;
MSMEG_5639;Rv0905;MSMEG_5639;1;MSMEG_5639;1;;
MSMEG_5707;Rv2619c;MSMEG_5707;-1;MSMEG_5707;1;;
MSMEG_5715;;;;MSMEG_5715;1;;
MSMEG_5727;;MSMEG_5727;1;MSMEG_5727;1;;
MSMEG_5733;;MSMEG_5733;1;MSMEG_5733;1;;
MSMEG_5830;Rv0798c;MSMEG_5830;-1;MSMEG_5830;1;;
MSMEG_5832;;;;MSMEG_5832;1;;
MSMEG_6008;;;;MSMEG_6008;2;;
MSMEG_6091;;;;MSMEG_6091;1;;
MSMEG_6114;Rv3628;;;MSMEG_6114;1;;
MSMEG_6235;;;;MSMEG_6235;1;;
MSMEG_6247;;;;MSMEG_6247;2;;
MSMEG_6256;;;;MSMEG_6256;1;;
MSMEG_6398;Rv3804c;MSMEG_6398;-1;MSMEG_6398;1;;
MSMEG_6518;;MSMEG_6518;2;MSMEG_6518;2;;
MSMEG_6636;Rv3846;MSMEG_6636;1;MSMEG_6636;1;;
MSMEG_6746;;;;MSMEG_6746;1;;
MSMEG_6933;Rv3913;MSMEG_6933;1;MSMEG_6933;1;;
MSMEG_0314;;MSMEG_0314;2;;;;
MSMEG_0456;;MSMEG_0456;0;;;;
MSMEG_0457;;MSMEG_0457;2;;;;
MSMEG_0765;;MSMEG_0765;-1;;;;
MSMEG_0825;;MSMEG_0825;-1;;;;
MSMEG_0906;Rv0465c;MSMEG_0906;-1;;;;
MSMEG_0919;;MSMEG_0919;-1;;;;
MSMEG_1012;;MSMEG_1012;1;;;;
MSMEG_1013;;MSMEG_1013;-1;;;;
MSMEG_1068;;MSMEG_1068;-1;;;;
MSMEG_1242;;MSMEG_1242;1;;;;
MSMEG_1367;;MSMEG_1367;-1;;;;
MSMEG_1523;;MSMEG_1523;-1;;;;
MSMEG_1543;;MSMEG_1543;0;;;;
MSMEG_1679;;MSMEG_1679;-1;;;;
MSMEG_1843;;MSMEG_1843;2;;;;
MSMEG_2006;;MSMEG_2006;-1;;;;
MSMEG_2271;;MSMEG_2271;-1;;;;
MSMEG_2308;;MSMEG_2308;1;;;;
MSMEG_2326;;MSMEG_2326;-1;;;;
MSMEG_2389;;MSMEG_2389;1;;;;
MSMEG_2437;;MSMEG_2437;-1;;;;
MSMEG_2449;;MSMEG_2449;1;;;;
MSMEG_2594;;MSMEG_2594;-1;;;;
MSMEG_2898;;MSMEG_2898;-1;;;;
MSMEG_3030;;MSMEG_3030;1;;;;
MSMEG_3061;;MSMEG_3061;-1;;;;
MSMEG_3217;Rv1609;MSMEG_3217;2;;;;
MSMEG_3265;;MSMEG_3265;1;;;;
MSMEG_3309;;MSMEG_3309;-1;;;;
MSMEG_3532;;MSMEG_3532;-1;;;;
MSMEG_3625;;MSMEG_3625;1;;;;
MSMEG_3627;;MSMEG_3627;-1;;;;
MSMEG_3861;;MSMEG_3861;-1;;;;
MSMEG_3952;;MSMEG_3952;1;;;;
MSMEG_3995;;MSMEG_3995;2;;;;
MSMEG_3996;;MSMEG_3996;1;;;;
MSMEG_4029;;MSMEG_4029;-1;;;;
MSMEG_4042;;MSMEG_4042;-1;;;;
MSMEG_4084;;MSMEG_4084;-1;;;;
MSMEG_4301;;MSMEG_4301;1;;;;
MSMEG_4497;Rv2368c;MSMEG_4497;-1;;;;
MSMEG_4563;;MSMEG_4563;-1;;;;
MSMEG_4624;;MSMEG_4624;-1;;;;
MSMEG_4625;Rv2442c;MSMEG_4625;-1;;;;
MSMEG_4646;;MSMEG_4646;0;;;;
MSMEG_4668;;MSMEG_4668;1;;;;
MSMEG_4692;Rv2468c;MSMEG_4692;2;;;;
MSMEG_4756;;MSMEG_4756;1;;;;
MSMEG_4918;;MSMEG_4918;-1;;;;
MSMEG_5132;Rv1165;MSMEG_5132;-1;;;;
MSMEG_5199;;MSMEG_5199;1;;;;
MSMEG_5838;;MSMEG_5838;-1;;;;
MSMEG_5933;;MSMEG_5933;-1;;;;
MSMEG_5939;;MSMEG_5939;0;;;;
MSMEG_6031;;MSMEG_6031;2;;;;
MSMEG_6159;Rv3648c;MSMEG_6159;2;;;;
MSMEG_6242;;MSMEG_6242;1;;;;
MSMEG_6263;;MSMEG_6263;1;;;;
MSMEG_6338;;MSMEG_6338;-1;;;;
MSMEG_6351;;MSMEG_6351;1;;;;
MSMEG_6391;;MSMEG_6391;0;;;;
MSMEG_6458;;MSMEG_6458;1;;;;
MSMEG_6483;;MSMEG_6483;-1;;;;
MSMEG_6519;;MSMEG_6519;-1;;;;
MSMEG_6535;Rv0120c;MSMEG_6535;1;;;;
MSMEG_6590;;MSMEG_6590;-1;;;;
MSMEG_6630;;MSMEG_6630;2;;;;
MSMEG_6740;;MSMEG_6740;1;;;;
MSMEG_6761;;MSMEG_6761;-1;;;;
MSMEG_6772;;MSMEG_6772;-1;;;;
